FeH,EuFe,sigma_FeH,sigma_EuFe
-2.06,0.87,0.08,0.05
-2.20,-0.43,0.00,0.00
-1.00,-0.12,0.00,0.00
-2.51,0.08,0.11,0.05
-2.62,0.54,0.11,0.03
-2.50,-0.63,0.17,0.23
-2.10,0.42,0.19,0.06
-2.27,0.12,0.11,0.24
-2.06,0.22,0.17,0.24
-1.71,0.39,0.20,0.24
-2.48,0.28,0.15,0.22
-2.36,0.36,0.12,0.02
-2.21,0.41,0.19,0.05
-1.77,0.32,0.18,0.27
-2.40,0.29,0.19,0.26
-2.39,0.36,0.19,0.28
-1.52,0.50,0.18,0.29
-2.49,0.87,0.18,0.26
-2.16,0.34,0.19,0.27
-2.44,0.58,0.19,0.26
-2.08,0.49,0.20,0.27
-2.33,0.24,0.19,0.25
-2.43,-0.02,0.19,0.27
-1.85,0.44,0.19,0.29
-2.07,0.68,0.19,0.29
-1.70,0.57,0.20,0.25
-2.21,0.54,0.19,0.27
-2.10,0.97,0.17,0.27
-2.39,0.12,0.20,0.24
-2.40,0.74,0.21,0.25
-2.35,0.07,0.21,0.26
-0.85,0.16,0.00,0.00
-0.58,0.38,0.00,0.00
-0.65,0.19,0.00,0.00
-0.78,0.18,0.00,0.00
-0.88,0.13,0.00,0.00
-0.63,0.30,0.00,0.00
-0.39,-0.01,0.00,0.00
-0.19,0.16,0.00,0.00
-0.51,0.05,0.00,0.00
-2.16,0.78,0.12,0.07
-0.03,0.17,0.00,0.00
-0.62,0.60,0.00,0.00
-1.08,0.45,0.00,0.00
-0.07,-0.09,0.00,0.00
-0.61,0.39,0.00,0.00
-0.36,0.54,0.00,0.00
-0.60,0.20,0.00,0.00
-0.72,0.36,0.00,0.00
-0.65,0.24,0.00,0.00
-0.66,0.22,0.00,0.00
-0.62,0.19,0.00,0.00
-0.50,0.17,0.00,0.00
-0.38,0.25,0.00,0.00
-0.47,0.08,0.00,0.00
-0.35,0.13,0.00,0.00
-0.81,0.28,0.00,0.00
-1.49,0.37,0.00,0.00
-0.95,0.21,0.00,0.00
-0.63,0.52,0.00,0.00
-0.27,0.27,0.00,0.00
-0.48,-0.07,0.00,0.00
-0.61,0.08,0.00,0.00
-0.52,0.04,0.00,0.00
-0.54,0.13,0.00,0.00
-0.46,0.07,0.00,0.00
-0.63,0.06,0.00,0.00
-0.64,0.26,0.00,0.00
-0.70,0.31,0.00,0.00
-0.42,0.25,0.00,0.00
-0.38,0.12,0.00,0.00
-0.44,0.32,0.00,0.00
-0.91,0.28,0.00,0.00
-0.56,-0.07,0.00,0.00
-0.06,-0.02,0.00,0.00
-0.66,0.43,0.00,0.00
-1.24,0.35,0.00,0.00
-1.30,0.37,0.00,0.04
-1.25,0.41,0.00,0.06
-0.90,0.33,0.00,0.04
-1.09,0.34,0.00,0.00
-1.05,0.30,0.00,0.06
-1.34,0.50,0.00,0.04
-0.59,0.47,0.00,0.08
-1.18,0.53,0.00,0.01
-1.25,0.52,0.00,0.04
-1.06,0.58,0.00,0.01
-0.70,0.52,0.00,0.01
-1.35,0.61,0.00,0.08
-1.52,0.40,0.00,0.10
-1.63,0.22,0.00,0.00
-1.50,0.73,0.00,0.02
-0.98,0.35,0.00,0.04
-1.64,0.54,0.00,0.12
-1.64,0.59,0.00,0.07
-1.09,0.34,0.00,0.04
-1.24,0.34,0.00,0.04
-0.95,0.14,0.00,0.09
-0.76,0.40,0.00,0.02
-1.17,0.49,0.00,0.07
-1.99,0.32,0.00,0.02
-1.68,0.66,0.00,0.06
-0.85,0.43,0.00,0.06
-1.91,0.53,0.00,0.03
-0.65,0.06,0.00,0.00
-1.71,0.38,0.00,0.03
-2.26,0.38,0.00,0.05
-1.34,0.18,0.00,0.05
-1.98,0.24,0.00,0.05
-1.62,0.57,0.00,0.04
-1.72,0.26,0.00,0.10
-0.71,0.12,0.00,0.00
-1.90,0.46,0.00,0.06
-1.52,0.61,0.00,0.07
-1.32,0.34,0.00,0.06
-2.62,0.26,0.00,0.02
-1.33,0.81,0.00,0.07
0.05,-0.16,0.00,0.00
-2.04,0.43,0.00,0.09
-1.43,0.64,0.00,0.02
-2.45,0.37,0.00,0.06
-1.48,0.40,0.00,0.04
-0.83,0.33,0.00,0.06
-2.18,0.41,0.00,0.05
-0.05,-0.11,0.00,0.00
-2.11,0.69,0.00,0.05
-1.54,0.32,0.00,0.06
0.15,-0.21,0.00,0.00
-1.95,0.64,0.00,0.08
-1.91,0.45,0.00,0.04
-0.47,0.06,0.00,0.00
-2.01,-0.08,0.00,0.06
-2.17,0.70,0.00,0.08
-1.79,0.55,0.00,0.05
-0.20,-0.16,0.00,0.00
-0.76,0.06,0.00,0.00
-2.60,0.74,0.00,0.05
-1.23,0.23,0.00,0.05
-0.67,0.26,0.00,0.05
-1.43,0.48,0.00,0.07
-1.97,0.57,0.00,0.05
-1.32,0.28,0.00,0.10
-1.08,0.28,0.00,0.04
-1.87,0.37,0.00,0.03
-1.72,0.58,0.00,0.07
-0.68,0.04,0.00,0.00
-0.75,-0.01,0.00,0.00
-1.46,0.60,0.00,0.09
-1.87,0.53,0.00,0.06
-1.90,-0.04,0.00,0.09
-0.15,-0.13,0.00,0.00
-1.69,0.45,0.00,0.14
-1.79,0.24,0.00,0.05
-1.40,0.37,0.00,0.09
-0.43,0.04,0.00,0.00
-0.14,-0.06,0.00,0.00
-0.40,-0.09,0.00,0.00
-0.49,0.09,0.00,0.00
-0.77,0.22,0.00,0.00
-0.82,0.27,0.00,0.00
-1.78,0.29,0.00,0.00
-0.27,0.07,0.00,0.00
-0.22,0.06,0.00,0.00
-0.55,-0.08,0.00,0.00
-1.40,0.22,0.00,0.09
-0.03,-0.13,0.00,0.00
0.04,-0.16,0.00,0.00
-0.48,0.04,0.00,0.00
-0.11,0.02,0.00,0.00
-0.05,-0.06,0.00,0.00
-0.36,-0.01,0.00,0.00
-0.05,-0.06,0.00,0.00
-0.25,0.09,0.00,0.00
-0.28,-0.04,0.00,0.00
-0.13,-0.21,0.00,0.00
-0.51,0.01,0.00,0.00
-0.33,0.12,0.00,0.00
-0.61,0.02,0.00,0.00
-0.11,-0.08,0.00,0.00
0.02,-0.04,0.00,0.00
-0.45,-0.01,0.00,0.00
0.04,-0.26,0.00,0.00
-0.11,-0.18,0.00,0.00
-0.40,0.02,0.00,0.00
-0.31,0.00,0.00,0.00
-0.05,-0.21,0.00,0.00
-0.49,0.05,0.00,0.00
0.11,-0.06,0.00,0.00
-0.30,0.02,0.00,0.00
-0.02,-0.11,0.00,0.00
-0.14,-0.17,0.00,0.00
0.12,-0.24,0.00,0.00
0.03,-0.21,0.00,0.00
-0.21,-0.06,0.00,0.00
-0.11,-0.11,0.00,0.00
-0.73,-0.04,0.00,0.00
0.03,-0.06,0.00,0.00
-0.13,-0.11,0.00,0.00
-0.19,-0.18,0.00,0.00
-0.48,0.09,0.00,0.00
-0.35,0.02,0.00,0.00
-0.06,-0.16,0.00,0.00
-0.25,-0.16,0.00,0.00
-0.32,-0.01,0.00,0.00
-0.02,-0.12,0.00,0.00
-0.26,0.16,0.00,0.00
0.04,-0.16,0.00,0.00
-1.58,0.41,0.15,0.07
-2.15,0.53,0.04,0.00
-2.57,0.33,0.10,0.15
-2.38,0.46,0.10,0.05
-2.14,0.78,0.12,0.05
-2.41,0.18,0.10,0.05
-2.07,-0.67,0.11,0.18
-2.14,0.12,0.00,0.16
-1.46,0.45,0.00,0.14
-2.08,0.47,0.00,0.20
-1.80,0.35,0.00,0.16
-1.93,0.55,0.00,0.14
-2.47,0.10,0.00,0.00
-2.48,0.54,0.15,0.16
-1.99,0.60,0.15,0.18
-0.99,0.78,0.15,0.17
-1.01,0.55,0.15,0.22
-0.85,0.43,0.15,0.16
-1.48,0.45,0.15,0.16
-0.63,0.08,0.15,0.21
-1.31,0.71,0.15,0.17
-0.73,0.50,0.15,0.19
-1.93,0.61,0.15,0.16
-0.72,0.20,0.15,0.16
-2.13,0.37,0.15,0.23
-1.19,0.45,0.15,0.16
-1.12,0.48,0.15,0.17
-1.48,0.54,0.15,0.16
-0.99,0.65,0.15,0.27
-1.25,0.27,0.15,0.17
-1.33,0.70,0.15,0.18
-2.32,0.28,0.15,0.14
-2.62,0.60,0.09,0.10
-2.75,-0.07,0.11,0.10
-1.41,0.62,0.00,0.00
-2.24,-0.01,0.00,0.00
-2.10,0.59,0.00,0.00
-2.08,0.24,0.00,0.00
-1.65,0.51,0.00,0.00
-1.84,0.31,0.00,0.00
-2.38,0.07,0.00,0.00
-2.29,0.30,0.00,0.00
-2.05,0.29,0.00,0.00
-2.32,0.03,0.00,0.00
-1.76,0.35,0.00,0.00
-1.98,0.27,0.10,0.20
-2.58,-0.29,0.09,0.12
-2.40,0.63,0.22,0.11
-1.99,0.07,0.09,0.00
-1.98,0.48,0.09,0.21
-1.38,0.46,0.12,0.21
-1.48,0.38,0.12,0.11
-1.57,0.48,0.17,0.10
-1.61,0.42,0.17,0.06
-2.16,0.03,0.15,0.06
-1.48,0.39,0.10,0.21
-2.58,0.09,0.18,0.11
-1.31,0.35,0.11,0.21
-1.30,0.75,0.11,0.21
-1.35,0.52,0.10,0.21
-0.92,0.45,0.15,0.21
-1.88,0.78,0.22,0.09
-1.10,0.35,0.12,0.10
-1.47,0.85,0.17,0.12
-2.24,0.50,0.12,0.21
-1.18,0.86,0.21,0.14
-1.20,0.83,0.15,0.08
-1.30,0.66,0.12,0.08
-1.64,0.18,0.12,0.21
-1.60,0.57,0.10,0.06
-1.79,0.81,0.09,0.21
-1.08,0.77,0.11,0.08
-1.76,0.46,0.11,0.00
-1.40,0.28,0.11,0.10
-1.61,0.63,0.11,0.21
-2.15,0.11,0.09,0.00
-1.14,0.49,0.12,0.07
-1.04,0.64,0.12,0.06
-0.79,0.52,0.16,0.12
-1.04,0.21,0.18,0.11
-0.57,0.37,0.11,0.21
-1.35,0.25,0.19,0.07
-1.00,-0.48,0.20,0.22
-1.91,0.38,0.10,0.21
-1.76,0.18,0.10,0.21
-1.24,0.30,0.15,0.00
-1.17,0.23,0.17,0.21
-0.99,0.45,0.11,0.09
-1.43,0.63,0.17,0.10
-0.84,0.08,0.20,0.14
-1.96,0.21,0.17,0.06
-1.39,-0.25,0.19,0.21
-2.03,0.17,0.17,0.21
-2.18,0.48,0.15,0.11
-1.35,0.65,0.10,0.21
-1.42,-0.14,0.17,0.21
-1.37,0.48,0.13,0.21
-1.46,0.75,0.11,0.21
-1.26,0.55,0.11,0.21
-1.50,0.47,0.11,0.10
-0.66,0.69,0.11,0.11
-1.71,0.06,0.00,0.00
-1.89,0.16,0.00,0.00
-1.76,0.29,0.00,0.00
-1.39,0.41,0.00,0.00
-1.61,0.23,0.00,0.00
-1.80,0.46,0.21,0.16
-1.73,0.48,0.16,0.18
-1.87,0.39,0.17,0.16
-2.18,0.33,0.21,0.19
-2.12,0.85,0.21,0.15
-2.16,0.30,0.16,0.17
-2.01,0.42,0.16,0.16
-1.86,0.66,0.21,0.15
-1.43,0.12,0.16,0.17
-2.54,-0.01,0.17,0.17
-2.11,0.20,0.21,0.22
-1.37,0.34,0.06,0.14
-1.93,0.41,0.21,0.22
-2.28,0.74,0.21,0.17
-2.62,1.20,0.22,0.18
-2.57,0.83,0.21,0.20
-2.51,0.79,0.21,0.16
-2.47,0.50,0.17,0.16
-2.35,0.08,0.14,0.17
-2.08,0.13,0.15,0.15
-1.08,0.18,0.10,0.13
-1.42,0.38,0.22,0.13
-1.95,0.16,0.10,0.16
-1.72,0.34,0.21,0.15
-2.29,0.56,0.10,0.33
-1.80,0.38,0.20,0.15
-1.59,0.48,0.11,0.19
-2.08,0.39,0.20,0.17
-2.06,0.52,0.21,0.15
-1.94,0.59,0.11,0.25
-1.79,0.26,0.11,0.14
-2.40,0.11,0.21,0.25
-1.84,0.24,0.15,0.16
-2.01,0.09,0.21,0.17
-2.39,0.28,0.21,0.29
-1.99,0.25,0.17,0.16
-1.74,0.27,0.21,0.15
-1.70,0.13,0.15,0.18
-1.87,0.13,0.21,0.15
-1.73,0.23,0.21,0.14
-1.59,0.37,0.15,0.16
-2.54,0.86,0.06,0.16
-2.34,0.55,0.00,0.00
-2.48,0.62,0.00,0.00
-2.42,-0.09,0.13,0.04
-1.56,0.55,0.00,0.00
-2.39,0.22,0.00,0.00
-2.32,-0.55,0.00,0.00
-2.32,0.40,0.00,0.00
-1.59,0.08,0.00,0.00
-2.33,0.31,0.00,0.00
-2.48,-0.49,0.00,0.00
-2.08,0.21,0.00,0.00
-2.40,0.36,0.00,0.00
-1.48,0.30,0.00,0.00
-1.86,0.37,0.00,0.00
-1.98,0.25,0.00,0.00
-2.10,0.28,0.00,0.00
-2.35,0.08,0.00,0.00
-2.24,0.68,0.00,0.00
-2.48,0.56,0.00,0.00
-2.20,0.23,0.00,0.00
-2.17,1.75,0.00,0.00
-2.46,1.02,0.00,0.00
-2.40,0.43,0.00,0.00
-1.29,0.40,0.00,0.00
-2.43,-0.14,0.00,0.00
-2.31,0.29,0.00,0.00
-1.89,0.22,0.00,0.00
-2.38,-0.24,0.00,0.00
-0.58,0.56,0.00,0.00
-0.87,0.63,0.00,0.00
-0.81,0.66,0.00,0.00
-0.92,0.50,0.00,0.00
-0.99,0.54,0.00,0.00
-0.88,0.26,0.00,0.00
-0.87,0.85,0.00,0.00
0.09,0.02,0.00,0.00
-0.90,0.66,0.00,0.00
-1.39,0.20,0.00,0.00
-0.24,0.27,0.00,0.00
-0.85,0.51,0.00,0.00
-0.59,0.70,0.00,0.00
-0.70,0.49,0.00,0.00
-0.64,0.39,0.00,0.00
-0.94,0.55,0.00,0.00
-0.43,0.48,0.00,0.00
-0.45,0.63,0.00,0.00
-1.29,1.02,0.00,0.00
-0.55,0.56,0.00,0.00
-1.00,0.41,0.00,0.00
-0.47,0.57,0.00,0.00
-0.92,0.67,0.00,0.00
-0.92,0.63,0.00,0.00
-0.62,0.48,0.00,0.00
-0.71,0.54,0.00,0.00
-0.79,0.59,0.00,0.00
-0.89,0.50,0.00,0.00
-0.92,0.56,0.00,0.00
-0.84,0.58,0.00,0.00
-0.69,0.42,0.00,0.00
-0.79,0.46,0.00,0.00
-0.77,0.55,0.00,0.00
-0.69,0.72,0.00,0.00
-0.64,0.50,0.00,0.00
-0.88,0.71,0.00,0.00
-0.29,0.09,0.00,0.00
-1.03,0.26,0.00,0.00
-0.65,0.59,0.00,0.00
-0.26,0.31,0.00,0.00
-0.76,0.35,0.00,0.00
-0.08,0.29,0.00,0.00
-0.49,0.43,0.00,0.00
-0.67,0.42,0.00,0.00
-1.15,0.67,0.00,0.00
-0.44,0.35,0.00,0.00
-0.19,0.17,0.00,0.00
-0.78,0.56,0.00,0.00
-0.16,0.04,0.00,0.00
-1.51,0.45,0.00,0.00
-0.80,0.62,0.00,0.00
-0.90,0.48,0.00,0.00
-0.28,0.21,0.00,0.00
-0.44,0.38,0.00,0.00
-0.72,0.53,0.00,0.00
-0.74,0.41,0.00,0.00
-0.85,0.43,0.00,0.00
-0.43,0.44,0.00,0.00
-0.06,0.18,0.00,0.00
0.04,0.36,0.00,0.00
0.04,0.03,0.00,0.00
-0.57,0.39,0.00,0.00
-0.34,0.59,0.00,0.00
-0.46,0.59,0.00,0.00
-0.56,0.50,0.00,0.00
-0.75,0.23,0.00,0.00
-0.48,0.55,0.00,0.00
-0.75,0.49,0.00,0.00
-0.59,0.44,0.00,0.00
-0.35,0.60,0.00,0.00
-0.26,0.08,0.00,0.00
-0.86,0.40,0.00,0.00
-0.21,0.28,0.00,0.00
-0.25,0.54,0.00,0.00
-0.55,0.36,0.00,0.00
-0.75,0.43,0.00,0.00
-0.32,0.44,0.00,0.00
-1.17,0.24,0.00,0.00
-0.61,0.34,0.00,0.00
-0.23,0.26,0.00,0.00
-0.70,0.53,0.00,0.00
-1.18,0.45,0.00,0.00
-0.54,0.62,0.00,0.00
-0.17,0.22,0.00,0.00
-0.59,0.51,0.00,0.00
-1.04,0.55,0.00,0.00
0.04,0.13,0.00,0.00
-0.78,0.38,0.00,0.00
-1.12,0.41,0.00,0.00
-0.32,0.23,0.00,0.00
-0.98,0.54,0.00,0.00
-0.50,0.50,0.00,0.00
-0.75,0.42,0.00,0.00
-0.68,0.57,0.00,0.00
-0.56,0.37,0.00,0.00
-0.82,0.39,0.00,0.00
0.15,0.20,0.00,0.00
-0.40,0.35,0.00,0.00
-0.49,0.29,0.00,0.00
-1.08,0.71,0.00,0.00
-0.71,0.49,0.00,0.00
-0.51,0.44,0.00,0.00
-0.80,0.53,0.00,0.00
-1.06,0.56,0.00,0.00
-0.68,0.61,0.00,0.00
-0.29,0.39,0.00,0.00
-0.50,0.51,0.00,0.00
-0.46,0.61,0.00,0.00
0.10,0.28,0.00,0.00
-0.37,0.54,0.00,0.00
-0.54,0.52,0.00,0.00
-0.33,0.30,0.00,0.00
-0.34,0.28,0.00,0.00
0.05,0.06,0.00,0.00
-0.28,0.37,0.00,0.00
-0.40,0.49,0.00,0.00
-0.39,0.27,0.00,0.00
-0.70,0.74,0.00,0.00
-0.86,0.54,0.00,0.00
-0.73,0.43,0.00,0.00
-0.55,0.56,0.00,0.00
-0.92,0.43,0.00,0.00
-0.64,0.31,0.00,0.00
-0.10,0.22,0.00,0.00
-0.67,0.54,0.00,0.00
-0.20,0.25,0.00,0.00
-0.35,0.22,0.00,0.00
-0.82,0.53,0.00,0.00
-0.56,0.50,0.00,0.00
-0.84,0.40,0.00,0.00
-0.79,0.52,0.00,0.00
-0.91,0.48,0.00,0.00
-0.46,0.26,0.00,0.00
-0.52,0.57,0.00,0.00
-0.17,0.09,0.00,0.00
-0.52,0.52,0.00,0.00
-0.67,0.38,0.00,0.00
-0.75,0.48,0.00,0.00
-0.64,0.57,0.00,0.00
-0.64,0.47,0.00,0.00
-0.91,0.49,0.00,0.00
-0.56,0.53,0.00,0.00
-0.72,0.60,0.00,0.00
-0.51,0.71,0.00,0.00
-0.52,0.40,0.00,0.00
-0.46,0.55,0.00,0.00
-0.53,0.31,0.00,0.00
-1.30,0.43,0.00,0.00
-0.07,0.11,0.00,0.00
0.06,-0.02,0.00,0.00
-0.44,0.31,0.00,0.00
-0.22,0.04,0.00,0.00
0.00,0.23,0.00,0.00
0.13,-0.09,0.00,0.00
-0.16,0.14,0.00,0.00
-0.01,0.14,0.00,0.00
0.02,0.11,0.00,0.00
-0.05,-0.07,0.00,0.00
0.16,-0.05,0.00,0.00
0.06,-0.06,0.00,0.00
0.04,0.04,0.00,0.00
-0.12,0.05,0.00,0.00
-0.18,0.03,0.00,0.00
-0.20,0.18,0.00,0.00
-0.05,0.08,0.00,0.00
-0.45,0.28,0.00,0.00
0.10,0.01,0.00,0.00
0.08,-0.02,0.00,0.00
0.11,0.04,0.00,0.00
0.02,0.02,0.00,0.00
-0.48,0.16,0.00,0.00
0.08,0.03,0.00,0.00
0.21,-0.08,0.00,0.00
-0.03,0.06,0.00,0.00
-0.46,0.29,0.00,0.00
-0.05,-0.07,0.00,0.00
0.24,-0.08,0.00,0.00
0.07,0.06,0.00,0.00
0.02,0.09,0.00,0.00
0.31,-0.08,0.00,0.00
-0.32,0.05,0.00,0.00
-0.08,0.07,0.00,0.00
0.03,0.03,0.00,0.00
-0.24,0.15,0.00,0.00
-0.25,0.19,0.00,0.00
-0.05,0.06,0.00,0.00
-0.24,0.17,0.00,0.00
-0.31,0.14,0.00,0.00
-0.02,0.15,0.00,0.00
-0.16,0.19,0.00,0.00
-0.12,0.10,0.00,0.00
-0.75,0.38,0.00,0.00
0.19,0.09,0.00,0.00
0.21,0.12,0.00,0.00
-0.49,0.00,0.00,0.00
0.01,-0.10,0.00,0.00
0.00,0.11,0.00,0.00
0.02,0.11,0.00,0.00
-0.02,0.10,0.00,0.00
-0.06,0.07,0.00,0.00
-0.37,0.18,0.00,0.00
-0.09,0.12,0.00,0.00
-0.70,0.23,0.00,0.00
0.32,-0.04,0.00,0.00
0.01,0.07,0.00,0.00
-0.04,0.02,0.00,0.00
0.25,-0.09,0.00,0.00
-0.22,0.25,0.00,0.00
-0.08,0.11,0.00,0.00
-0.04,0.15,0.00,0.00
-0.21,0.14,0.00,0.00
-0.10,-0.02,0.00,0.00
-0.07,0.04,0.00,0.00
-0.18,0.19,0.00,0.00
-0.56,0.36,0.00,0.00
-0.49,0.07,0.00,0.00
0.06,-0.08,0.00,0.00
0.06,0.02,0.00,0.00
-0.10,0.03,0.00,0.00
-0.27,0.25,0.00,0.00
-0.16,0.27,0.00,0.00
0.04,0.09,0.00,0.00
-0.05,0.08,0.00,0.00
-0.36,0.26,0.00,0.00
-0.60,0.13,0.00,0.00
0.16,-0.10,0.00,0.00
-0.22,0.15,0.00,0.00
-0.01,0.04,0.00,0.00
0.07,0.09,0.00,0.00
0.18,-0.15,0.00,0.00
0.04,0.12,0.00,0.00
-0.03,0.04,0.00,0.00
-0.17,0.13,0.00,0.00
0.17,0.14,0.00,0.00
-0.14,-0.03,0.00,0.00
0.23,-0.10,0.00,0.00
0.14,0.02,0.00,0.00
-0.04,0.07,0.00,0.00
0.18,-0.02,0.00,0.00
0.07,-0.04,0.00,0.00
-0.01,0.09,0.00,0.00
0.13,0.05,0.00,0.00
0.12,-0.03,0.00,0.00
-0.07,0.10,0.00,0.00
-0.33,0.16,0.00,0.00
-0.04,0.03,0.00,0.00
0.05,0.08,0.00,0.00
0.06,-0.05,0.00,0.00
0.09,-0.06,0.00,0.00
0.02,0.01,0.00,0.00
-0.25,0.21,0.00,0.00
0.14,-0.03,0.00,0.00
-0.12,0.05,0.00,0.00
-0.03,0.04,0.00,0.00
0.16,-0.05,0.00,0.00
0.12,0.01,0.00,0.00
0.05,-0.04,0.00,0.00
0.11,0.00,0.00,0.00
0.13,-0.07,0.00,0.00
-0.10,-0.07,0.00,0.00
-0.12,0.13,0.00,0.00
0.08,-0.05,0.00,0.00
0.06,0.02,0.00,0.00
-0.19,0.02,0.00,0.00
-0.17,0.20,0.00,0.00
0.06,-0.10,0.00,0.00
-0.85,0.33,0.00,0.00
-0.21,0.14,0.00,0.00
-0.03,0.09,0.00,0.00
0.05,-0.02,0.00,0.00
-0.66,0.29,0.00,0.00
0.01,-0.03,0.00,0.00
-0.08,0.09,0.00,0.00
-0.05,-0.04,0.00,0.00
0.15,-0.02,0.00,0.00
-0.53,0.36,0.00,0.00
-0.46,0.27,0.00,0.00
0.07,0.01,0.00,0.00
-0.55,0.21,0.00,0.00
-0.17,0.08,0.00,0.00
0.14,-0.06,0.00,0.00
0.03,-0.02,0.00,0.00
-0.43,0.26,0.00,0.00
0.25,-0.04,0.00,0.00
0.05,-0.12,0.00,0.00
-0.09,0.05,0.00,0.00
0.04,0.12,0.00,0.00
-0.03,0.09,0.00,0.00
0.16,-0.10,0.00,0.00
-0.15,0.23,0.00,0.00
-0.06,0.07,0.00,0.00
-0.09,0.10,0.00,0.00
0.09,-0.03,0.00,0.00
0.08,0.03,0.00,0.00
-0.17,0.20,0.00,0.00
-0.36,0.24,0.00,0.00
0.04,0.09,0.00,0.00
-0.08,0.06,0.00,0.00
-0.46,0.17,0.00,0.00
-0.13,0.09,0.00,0.00
-0.84,0.34,0.00,0.00
0.01,0.05,0.00,0.00
0.05,0.01,0.00,0.00
-0.16,0.22,0.00,0.00
0.23,-0.14,0.00,0.00
-0.09,0.12,0.00,0.00
0.00,0.03,0.00,0.00
0.14,-0.11,0.00,0.00
-0.05,0.06,0.00,0.00
0.18,0.01,0.00,0.00
0.13,0.05,0.00,0.00
-0.24,0.17,0.00,0.00
0.15,-0.09,0.00,0.00
-0.41,0.27,0.00,0.00
0.09,-0.03,0.00,0.00
0.01,0.02,0.00,0.00
-0.23,0.14,0.00,0.00
-0.03,-0.04,0.00,0.00
-0.22,-0.05,0.00,0.00
-0.18,0.21,0.00,0.00
-0.04,-0.08,0.00,0.00
-0.07,0.08,0.00,0.00
-0.03,0.04,0.00,0.00
-0.18,0.11,0.00,0.00
-0.11,0.14,0.00,0.00
-0.19,0.17,0.00,0.00
-0.24,0.19,0.00,0.00
-0.02,-0.05,0.00,0.00
-0.21,0.12,0.00,0.00
-0.24,0.07,0.00,0.00
-0.05,0.09,0.00,0.00
0.05,-0.09,0.00,0.00
-0.10,0.21,0.00,0.00
-0.37,0.25,0.00,0.00
0.00,0.01,0.00,0.00
-0.17,0.00,0.00,0.00
-0.21,0.07,0.00,0.00
-0.22,0.18,0.00,0.00
0.06,0.02,0.00,0.00
-0.31,0.19,0.00,0.00
-0.31,0.19,0.00,0.00
-0.04,0.01,0.00,0.00
-0.12,0.12,0.00,0.00
-0.10,-0.07,0.00,0.00
-0.06,0.02,0.00,0.00
-0.91,0.39,0.00,0.00
-0.33,0.31,0.00,0.00
-0.67,0.40,0.00,0.00
0.05,-0.12,0.00,0.00
-0.53,0.31,0.00,0.00
0.08,-0.04,0.00,0.00
-0.24,0.07,0.00,0.00
0.06,-0.13,0.00,0.00
0.00,-0.07,0.00,0.00
0.01,0.04,0.00,0.00
-0.07,0.00,0.00,0.00
0.08,-0.05,0.00,0.00
-0.58,0.29,0.00,0.00
0.25,-0.12,0.00,0.00
-0.10,0.06,0.00,0.00
0.05,-0.07,0.00,0.00
-0.22,0.03,0.00,0.00
-0.05,0.06,0.00,0.00
-0.28,0.16,0.00,0.00
-0.11,-0.06,0.00,0.00
-0.03,0.11,0.00,0.00
0.25,-0.09,0.00,0.00
0.12,-0.14,0.00,0.00
0.22,-0.11,0.00,0.00
0.00,0.01,0.00,0.00
0.00,0.14,0.00,0.00
-0.12,0.15,0.00,0.00
-0.23,0.19,0.00,0.00
0.05,-0.04,0.00,0.00
0.06,-0.02,0.00,0.00
-0.32,0.18,0.00,0.00
0.22,-0.11,0.00,0.00
-2.10,0.28,0.00,0.00
-0.31,0.17,0.00,0.00
-0.15,-0.03,0.00,0.00
-0.46,0.08,0.00,0.00
-0.18,-0.04,0.00,0.00
-0.36,0.03,0.00,0.00
-2.11,0.39,0.00,0.00
-0.25,0.06,0.00,0.00
-0.46,0.08,0.00,0.00
-0.39,0.05,0.00,0.00
-0.38,-0.07,0.00,0.00
-0.42,0.14,0.00,0.00
-0.44,0.22,0.00,0.00
-0.39,0.13,0.00,0.00
-0.35,0.23,0.00,0.00
-0.32,0.13,0.00,0.00
-0.23,-0.07,0.00,0.00
-0.62,0.16,0.00,0.00
-0.42,0.05,0.00,0.00
-0.49,0.06,0.00,0.00
-0.37,0.18,0.00,0.00
-0.42,-0.04,0.00,0.00
-0.17,-0.02,0.00,0.00
-0.11,0.00,0.00,0.00
-0.01,-0.04,0.00,0.00
-0.14,0.04,0.00,0.00
-0.12,0.01,0.00,0.00
-0.59,0.10,0.00,0.00
-0.58,0.13,0.00,0.00
-0.30,0.23,0.00,0.00
-1.03,0.25,0.00,0.00
-0.63,0.28,0.00,0.00
-0.23,0.03,0.00,0.00
-0.54,0.23,0.00,0.00
-0.24,0.23,0.00,0.00
-0.52,-0.10,0.00,0.00
-0.48,0.17,0.00,0.00
-0.12,0.11,0.00,0.00
-0.27,0.15,0.00,0.00
-0.27,0.08,0.00,0.00
-0.21,0.01,0.00,0.00
-0.39,0.09,0.00,0.00
-0.14,0.08,0.00,0.00
-0.31,-0.07,0.00,0.00
-0.05,0.24,0.00,0.00
-0.65,0.17,0.00,0.00
-0.22,0.02,0.00,0.00
-0.33,0.01,0.00,0.00
-0.16,-0.03,0.00,0.00
-0.18,0.00,0.00,0.00
-0.21,0.10,0.00,0.00
-0.62,0.22,0.00,0.00
-0.31,-0.05,0.00,0.00
-0.54,0.09,0.00,0.00
-0.20,-0.03,0.00,0.00
-0.31,0.16,0.00,0.00
-0.29,0.24,0.00,0.00
-0.28,0.07,0.00,0.00
-0.04,0.10,0.00,0.00
-0.48,-0.06,0.00,0.00
-0.24,0.20,0.00,0.00
-0.25,0.16,0.00,0.00
-0.53,0.13,0.00,0.00
-0.19,-0.02,0.00,0.00
-0.36,0.13,0.00,0.00
-0.38,0.08,0.00,0.00
-0.39,0.07,0.00,0.00
-0.54,0.06,0.00,0.00
-0.19,-0.07,0.00,0.00
-0.36,-0.03,0.00,0.00
-0.58,0.20,0.00,0.00
-0.35,0.03,0.00,0.00
-0.01,0.02,0.00,0.00
-0.45,0.13,0.00,0.00
-1.99,0.64,0.00,0.00
-0.18,0.15,0.00,0.00
-0.64,0.30,0.00,0.00
-0.20,0.07,0.00,0.00
-0.21,0.06,0.00,0.00
-0.18,0.14,0.00,0.00
-0.15,0.06,0.00,0.00
-0.32,0.08,0.00,0.00
-0.38,0.04,0.00,0.00
-0.54,0.34,0.00,0.00
-0.35,0.07,0.00,0.00
-0.21,0.15,0.00,0.00
-0.64,0.33,0.00,0.00
-0.28,0.04,0.00,0.00
-0.16,0.02,0.00,0.00
-0.28,0.11,0.00,0.00
-0.43,0.20,0.00,0.00
-0.35,0.23,0.00,0.00
-0.06,0.14,0.00,0.00
-0.26,0.00,0.00,0.00
-0.25,0.12,0.00,0.00
-0.28,0.12,0.00,0.00
-0.14,0.08,0.00,0.00
-0.15,0.11,0.00,0.00
-0.56,0.24,0.00,0.00
-1.84,0.45,0.00,0.00
-1.58,0.34,0.00,0.00
-1.65,0.29,0.00,0.00
-0.42,0.41,0.00,0.00
-1.86,0.49,0.00,0.00
-0.94,0.13,0.00,0.00
-1.26,0.37,0.00,0.00
-0.29,-0.21,0.00,0.00
-2.48,0.24,0.00,0.00
-1.15,0.37,0.00,0.00
-0.63,0.39,0.00,0.00
-1.56,0.31,0.00,0.00
-0.59,0.33,0.00,0.00
-1.39,0.76,0.00,0.00
-2.41,0.51,0.00,0.00
-1.65,0.46,0.00,0.00
-2.36,0.23,0.00,0.00
-0.68,0.45,0.00,0.00
-0.50,0.01,0.00,0.00
-2.36,0.32,0.00,0.00
-2.48,-0.69,0.00,0.00
-2.07,0.19,0.00,0.00
-0.31,0.05,0.00,0.00
-0.53,0.14,0.00,0.00
-1.74,0.16,0.00,0.00
-1.73,0.37,0.00,0.00
-1.90,0.57,0.00,0.00
-1.92,0.38,0.00,0.00
-1.17,0.05,0.00,0.00
-2.28,0.09,0.00,0.00
-2.10,0.74,0.00,0.00
-2.31,0.43,0.00,0.00
-1.30,0.09,0.00,0.00
-0.91,-0.16,0.00,0.00
-2.06,0.36,0.00,0.00
-1.54,0.39,0.00,0.00
-0.23,0.04,0.00,0.00
-0.37,0.14,0.00,0.00
-0.11,0.02,0.00,0.00
0.09,-0.03,0.00,0.00
0.04,0.04,0.00,0.00
0.05,-0.17,0.00,0.00
0.26,-0.08,0.00,0.00
0.13,-0.06,0.00,0.00
-0.20,0.15,0.00,0.00
-0.26,0.17,0.00,0.00
-0.10,0.01,0.00,0.00
0.12,-0.12,0.00,0.00
-0.11,0.14,0.00,0.00
0.24,-0.02,0.00,0.00
-0.28,0.08,0.00,0.00
-0.11,0.04,0.00,0.00
0.13,0.01,0.00,0.00
0.01,0.06,0.00,0.00
-0.34,0.12,0.00,0.00
0.23,-0.12,0.00,0.00
-0.56,0.15,0.00,0.00
0.09,0.03,0.00,0.00
-0.27,0.12,0.00,0.00
-0.34,0.12,0.00,0.00
0.13,0.04,0.00,0.00
0.21,-0.12,0.00,0.00
0.09,-0.02,0.00,0.00
-0.44,0.17,0.00,0.00
-0.07,0.04,0.00,0.00
-0.67,0.11,0.00,0.00
-0.32,0.19,0.00,0.00
-0.25,0.11,0.00,0.00
